                  epoch,         train/box_loss,         train/cls_loss,         train/dfl_loss,   metrics/precision(B),      metrics/recall(B),       metrics/mAP50(B),    metrics/mAP50-95(B),           val/box_loss,           val/cls_loss,           val/dfl_loss,                 lr/pg0,                 lr/pg1,                 lr/pg2
                      1,                 2.7598,                 6.1633,                 3.9986,                0.58494,                0.06279,                 0.0196,                0.00489,                  2.286,                 5.1235,                 3.5761,              0.0033305,              0.0033305,              0.0033305
                      2,                 2.0076,                 4.2986,                 2.9913,                0.36844,                0.21307,                0.14712,                0.05545,                 1.7239,                 3.9623,                 2.9502,               0.006648,               0.006648,               0.006648
                      3,                 1.5967,                 3.0828,                 2.5455,                0.44103,                0.31876,                0.28791,                0.13149,                 1.4479,                 2.5074,                 2.5492,              0.0099496,              0.0099496,              0.0099496
                      4,                 1.4449,                 2.5233,                 2.3335,                0.47342,                0.42584,                0.42662,                0.24662,                 1.2476,                 1.9056,                 2.3457,              0.0099286,              0.0099286,              0.0099286
                      5,                  1.296,                 2.1396,                 2.1577,                0.54917,                0.47193,                0.46701,                0.27671,                 1.2459,                   1.73,                 2.2723,              0.0099286,              0.0099286,              0.0099286
                      6,                 1.2122,                 1.9124,                  2.061,                 0.6992,                0.48802,                 0.5481,                0.33778,                 1.1563,                 1.5624,                  2.193,              0.0099048,              0.0099048,              0.0099048
                      7,                 1.1642,                 1.7807,                 2.0101,                0.68348,                0.52462,                0.57115,                0.36232,                 1.0824,                 1.4267,                 2.1074,               0.009881,               0.009881,               0.009881
                      8,                 1.1317,                 1.6627,                 1.9698,                0.67304,                0.57505,                0.61489,                0.38538,                 1.0417,                 1.2364,                 2.0506,              0.0098572,              0.0098572,              0.0098572
                      9,                  1.102,                 1.5876,                 1.9345,                0.78385,                0.58608,                0.64182,                0.40368,                 1.0232,                 1.1881,                 2.0081,              0.0098334,              0.0098334,              0.0098334
                     10,                 1.0716,                 1.5243,                 1.8968,                0.76681,                0.59968,                0.64926,                0.40555,                 1.0134,                 1.1478,                 2.0125,              0.0098096,              0.0098096,              0.0098096
                     11,                 1.0572,                 1.4465,                 1.8725,                0.79766,                0.61109,                 0.6628,                0.42358,                 1.0012,                 1.0731,                  1.979,              0.0097858,              0.0097858,              0.0097858
                     12,                 1.0313,                 1.3909,                 1.8524,                0.79254,                 0.6139,                0.66457,                0.42747,                0.98131,                 1.0335,                 1.9594,               0.009762,               0.009762,               0.009762
                     13,                 0.9976,                 1.3219,                 1.8118,                0.81785,                0.66226,                0.70128,                0.45161,                 0.9609,                0.98438,                 1.9264,              0.0097382,              0.0097382,              0.0097382
                     14,                0.99144,                 1.2987,                 1.8003,                0.81756,                0.66989,                0.71055,                0.46316,                0.94244,                0.93628,                 1.8936,              0.0097144,              0.0097144,              0.0097144
                     15,                0.98273,                 1.2648,                 1.7991,                 0.8698,                0.66834,                0.74114,                0.48031,                0.94435,                0.90676,                 1.9017,              0.0096906,              0.0096906,              0.0096906
                     16,                0.97707,                  1.233,                 1.7918,                0.85365,                0.67953,                 0.7273,                0.46913,                0.94215,                0.92643,                 1.8939,              0.0096668,              0.0096668,              0.0096668
                     17,                  0.948,                 1.2083,                 1.7658,                0.75691,                0.76054,                0.76492,                0.49265,                0.92347,                0.87934,                 1.8756,               0.009643,               0.009643,               0.009643
                     18,                0.95732,                 1.1749,                 1.7603,                0.86076,                0.69996,                0.77598,                 0.5044,                 0.9172,                0.85652,                 1.8567,              0.0096192,              0.0096192,              0.0096192
                     19,                0.93879,                 1.1535,                 1.7521,                0.87628,                0.70707,                0.80158,                0.51868,                0.89245,                0.82606,                 1.8445,              0.0095954,              0.0095954,              0.0095954
                     20,                0.93888,                  1.141,                 1.7481,                0.85146,                0.71358,                0.79147,                0.52034,                0.89473,                0.80577,                 1.8344,              0.0095716,              0.0095716,              0.0095716
                     21,                0.92099,                 1.0898,                  1.727,                0.83822,                0.75342,                0.80405,                0.53126,                0.87503,                0.78544,                 1.8216,              0.0095478,              0.0095478,              0.0095478
                     22,                0.90982,                 1.0724,                 1.7231,                0.86645,                0.75201,                0.81192,                0.53813,                0.89506,                0.77892,                  1.835,               0.009524,               0.009524,               0.009524
                     23,                0.89138,                 1.0526,                 1.7075,                0.83899,                0.78716,                0.81461,                0.53855,                0.88108,                0.76675,                 1.8232,              0.0095002,              0.0095002,              0.0095002
                     24,                0.91516,                 1.0703,                 1.7176,                0.83552,                0.77997,                 0.8243,                0.54065,                0.88354,                   0.74,                 1.8143,              0.0094764,              0.0094764,              0.0094764
                     25,                0.89669,                 1.0378,                 1.7022,                 0.9051,                0.79418,                0.84879,                0.54959,                0.88399,                0.72216,                 1.8125,              0.0094526,              0.0094526,              0.0094526
                     26,                0.90641,                 1.0398,                 1.7112,                0.89338,                0.75088,                0.82516,                 0.5393,                0.86796,                0.72218,                 1.8008,              0.0094288,              0.0094288,              0.0094288
                     27,                0.89972,                 1.0137,                 1.6923,                0.86641,                0.80828,                0.82829,                 0.5435,                0.86125,                 0.7064,                 1.7913,               0.009405,               0.009405,               0.009405
                     28,                0.89352,                 1.0033,                 1.6979,                 0.8905,                0.74404,                0.82927,                0.55437,                0.85888,                0.69874,                 1.7871,              0.0093813,              0.0093813,              0.0093813
                     29,                0.88447,                0.98395,                 1.6873,                0.90332,                0.76181,                0.82634,                0.55796,                 0.8487,                0.68971,                  1.778,              0.0093575,              0.0093575,              0.0093575
                     30,                0.86909,                0.96337,                 1.6614,                0.89675,                0.80214,                 0.8555,                0.56401,                0.83913,                0.68661,                 1.7619,              0.0093337,              0.0093337,              0.0093337
                     31,                 0.8708,                0.96108,                  1.666,                0.90309,                0.76885,                0.84122,                0.57469,                0.84923,                0.67438,                 1.7752,              0.0093099,              0.0093099,              0.0093099
                     32,                0.86385,                0.94837,                  1.663,                0.84669,                0.81935,                0.83737,                0.56021,                0.84799,                0.66715,                  1.773,              0.0092861,              0.0092861,              0.0092861
                     33,                0.86893,                0.95011,                 1.6589,                0.87054,                0.81492,                0.84079,                0.57189,                0.84017,                0.66125,                 1.7652,              0.0092623,              0.0092623,              0.0092623
                     34,                0.85705,                0.93641,                 1.6511,                0.89202,                 0.8111,                0.84645,                0.57407,                0.84156,                0.65677,                 1.7612,              0.0092385,              0.0092385,              0.0092385
                     35,                0.85557,                0.92612,                 1.6479,                0.87372,                0.82163,                0.84578,                0.57519,                 0.8231,                0.64819,                 1.7522,              0.0092147,              0.0092147,              0.0092147
                     36,                 0.8464,                0.92377,                 1.6448,                0.89726,                0.76681,                0.84204,                0.57097,                0.82332,                0.64192,                 1.7515,              0.0091909,              0.0091909,              0.0091909
                     37,                0.85449,                0.91177,                  1.647,                 0.9234,                0.80946,                0.86972,                0.57871,                0.82131,                0.64099,                 1.7468,              0.0091671,              0.0091671,              0.0091671
                     38,                0.83946,                0.91457,                 1.6375,                0.92188,                0.81367,                0.86889,                 0.5834,                 0.8178,                0.63479,                 1.7474,              0.0091433,              0.0091433,              0.0091433
                     39,                0.84252,                0.88702,                 1.6333,                0.92649,                 0.8097,                0.86483,                0.58483,                0.82191,                0.63404,                 1.7455,              0.0091195,              0.0091195,              0.0091195
                     40,                0.84671,                0.89079,                 1.6366,                0.91896,                0.81571,                0.86501,                0.59053,                0.81947,                0.62823,                 1.7454,              0.0090957,              0.0090957,              0.0090957
                     41,                 0.8314,                0.87222,                 1.6167,                0.90836,                0.81677,                0.86666,                0.59134,                 0.8214,                0.62188,                 1.7454,              0.0090719,              0.0090719,              0.0090719
                     42,                0.82871,                0.86996,                 1.6236,                0.92338,                0.80966,                0.86765,                0.59417,                 0.8228,                0.61715,                 1.7441,              0.0090481,              0.0090481,              0.0090481
                     43,                0.81017,                0.86237,                 1.6099,                0.91829,                0.81432,                0.86695,                0.59543,                0.82379,                 0.6145,                 1.7436,              0.0090243,              0.0090243,              0.0090243
                     44,                0.79958,                0.84341,                 1.6025,                0.90917,                0.81676,                0.86756,                0.60022,                0.82093,                0.60942,                 1.7433,              0.0090005,              0.0090005,              0.0090005
                     45,                0.81586,                0.86177,                 1.6106,                0.92543,                0.81201,                0.86894,                0.59913,                0.82453,                 0.6075,                 1.7444,              0.0089767,              0.0089767,              0.0089767
                     46,                0.81792,                0.85386,                   1.61,                0.91816,                0.81539,                0.87107,                0.60018,                0.82022,                0.60225,                 1.7433,              0.0089529,              0.0089529,              0.0089529
                     47,                0.80893,                0.84872,                  1.605,                0.92084,                0.81623,                0.87102,                0.59753,                0.81736,                0.60082,                 1.7412,              0.0089291,              0.0089291,              0.0089291
                     48,                0.80149,                0.83527,                 1.5966,                0.91152,                0.82085,                0.87046,                0.60022,                0.81551,                0.59726,                 1.7391,              0.0089053,              0.0089053,              0.0089053
                     49,                0.80653,                0.83517,                 1.5974,                0.90305,                0.82579,                0.87055,                0.60072,                0.81847,                0.59548,                  1.738,              0.0088815,              0.0088815,              0.0088815
                     50,                0.79988,                0.83081,                 1.5892,                 0.9113,                0.81777,                0.87077,                0.60149,                0.81386,                0.59403,                 1.7354,              0.0088577,              0.0088577,              0.0088577
                     51,                0.80086,                0.82692,                 1.5895,                0.89999,                0.83147,                0.87114,                0.60579,                 0.8151,                 0.5935,                  1.734,              0.0088339,              0.0088339,              0.0088339
                     52,                0.79739,                0.82968,                 1.5851,                0.90579,                0.83213,                0.87119,                0.61022,                0.81324,                0.59143,                 1.7331,              0.0088101,              0.0088101,              0.0088101
                     53,                0.79449,                0.81487,                 1.5904,                0.91033,                0.82838,                0.87159,                0.61086,                0.81388,                0.58832,                 1.7315,              0.0087863,              0.0087863,              0.0087863
                     54,                0.79841,                 0.8163,                 1.5975,                0.90762,                0.83158,                0.87182,                0.61182,                  0.817,                0.58789,                 1.7308,              0.0087625,              0.0087625,              0.0087625
                     55,                0.79615,                0.79887,                 1.5874,                 0.9043,                   0.83,                0.87164,                0.61048,                0.81593,                0.58694,                 1.7297,              0.0087387,              0.0087387,              0.0087387
                     56,                0.79536,                0.80404,                  1.579,                 0.9344,                0.81985,                0.87219,                0.61188,                0.81432,                0.58515,                 1.7299,              0.0087149,              0.0087149,              0.0087149
                     57,                0.80148,                0.81344,                 1.5909,                0.93475,                0.82167,                0.87245,                0.60859,                0.81367,                0.58436,                 1.7303,              0.0086911,              0.0086911,              0.0086911
                     58,                0.79081,                0.79143,                 1.5735,                0.93155,                 0.8245,                0.87336,                0.60943,                0.81052,                0.58222,                 1.7292,              0.0086673,              0.0086673,              0.0086673
                     59,                0.77672,                0.78406,                 1.5645,                0.92961,                0.82577,                0.87415,                0.61278,                0.81759,                0.58142,                 1.7287,              0.0086435,              0.0086435,              0.0086435
                     60,                0.79054,                0.78982,                 1.5829,                0.92884,                0.82607,                 0.8737,                0.61347,                0.81129,                0.57954,                 1.7274,              0.0086197,              0.0086197,              0.0086197
                     61,                 0.7748,                0.78296,                 1.5661,                0.92767,                0.82808,                0.87408,                0.61345,                0.81628,                0.57801,                 1.7274,              0.0085959,              0.0085959,              0.0085959
                     62,                0.77654,                0.78593,                 1.5657,                0.92785,                0.82941,                0.87402,                0.61345,                0.81383,                0.57683,                  1.727,              0.0085721,              0.0085721,              0.0085721
                     63,                0.78222,                0.78574,                 1.5756,                0.93083,                0.82711,                  0.874,                0.61446,                0.81383,                0.57547,                 1.7272,              0.0085483,              0.0085483,              0.0085483
                     64,                0.77725,                0.78511,                 1.5671,                0.92788,                0.82997,                0.87454,                0.61384,                0.81698,                0.57497,                  1.727,              0.0085245,              0.0085245,              0.0085245
                     65,                0.77964,                 0.7781,                 1.5657,                0.92684,                0.83424,                0.87462,                0.61329,                0.81557,                0.57301,                 1.7267,              0.0085007,              0.0085007,              0.0085007
                     66,                0.75713,                0.76914,                 1.5528,                0.92667,                0.83643,                0.87503,                0.61332,                0.81405,                0.57239,                  1.727,              0.0084769,              0.0084769,              0.0084769
                     67,                0.76603,                 0.7713,                 1.5555,                0.92641,                0.83767,                0.87665,                0.61341,                0.81667,                0.57099,                 1.7271,              0.0084531,              0.0084531,              0.0084531
                     68,                0.75687,                0.75307,                 1.5512,                0.92663,                0.83689,                0.87637,                 0.6129,                0.81857,                0.57016,                 1.7268,              0.0084293,              0.0084293,              0.0084293
                     69,                0.76643,                0.76575,                 1.5503,                 0.9267,                0.83655,                 0.8766,                0.61309,                0.81802,                0.56913,                 1.7262,              0.0084055,              0.0084055,              0.0084055
                     70,                0.75303,                0.74933,                 1.5461,                0.92674,                0.83614,                0.87654,                0.61333,                0.81702,                0.56863,                 1.7261,              0.0083817,              0.0083817,              0.0083817
                     71,                0.76096,                0.75788,                 1.5449,                0.92876,                0.83729,                0.87625,                0.61365,                0.81814,                0.56871,                 1.7257,              0.0083579,              0.0083579,              0.0083579
                     72,                0.76495,                0.77027,                 1.5571,                0.92877,                0.83771,                0.87684,                0.61386,                0.81435,                0.56754,                 1.7252,              0.0083341,              0.0083341,              0.0083341
                     73,                0.76399,                0.76663,                 1.5476,                0.93104,                0.83633,                0.87747,                0.61355,                0.81919,                0.56565,                 1.7255,              0.0083103,              0.0083103,              0.0083103
                     74,                0.76686,                0.76299,                 1.5547,                0.93065,                0.83732,                0.87862,                0.61404,                0.81553,                0.56604,                 1.7253,              0.0082865,              0.0082865,              0.0082865
                     75,                0.75427,                0.74102,                 1.5393,                0.93085,                 0.8353,                0.87775,                0.61491,                0.81553,                0.56561,                 1.7251,              0.0082627,              0.0082627,              0.0082627
                     76,                0.75398,                0.75819,                 1.5397,                0.93126,                0.83512,                0.87902,                0.61466,                0.81952,                0.56573,                  1.724,              0.0082389,              0.0082389,              0.0082389
                     77,                0.74922,                0.73613,                 1.5377,                0.93275,                0.83325,                0.87887,                0.61488,                0.81706,                0.56533,                 1.7235,              0.0082151,              0.0082151,              0.0082151
                     78,                 0.7355,                 0.7373,                 1.5255,                0.92998,                0.83723,                0.87854,                0.61455,                0.81742,                0.56406,                 1.7229,              0.0081913,              0.0081913,              0.0081913
                     79,                0.73123,                0.73256,                 1.5199,                0.93169,                0.83806,                 0.8786,                0.61526,                0.81645,                 0.5631,                 1.7224,              0.0081675,              0.0081675,              0.0081675
                     80,                0.74777,                0.73781,                 1.5314,                0.93008,                0.83857,                0.87828,                0.61519,                0.81605,                0.56343,                 1.7227,              0.0081437,              0.0081437,              0.0081437
                     81,                0.74326,                0.72845,                 1.5303,                0.93067,                0.83489,                0.87776,                0.61816,                0.81733,                0.56239,                 1.7222,                0.00812,                0.00812,                0.00812
                     82,                0.73336,                0.73119,                  1.519,                0.93037,                0.83353,                0.87759,                0.61881,                0.81959,                0.56115,                 1.7214,              0.0080962,              0.0080962,              0.0080962
                     83,                0.73673,                0.72507,                 1.5153,                0.93203,                0.83256,                0.87904,                0.61861,                0.81846,                0.55937,                 1.7216,              0.0080724,              0.0080724,              0.0080724
                     84,                0.73172,                0.72556,                 1.5169,                0.93189,                0.83366,                0.87889,                0.61911,                0.81809,                0.55871,                 1.7209,              0.0080486,              0.0080486,              0.0080486
                     85,                0.73705,                0.73093,                  1.523,                0.93484,                0.83183,                  0.879,                0.61973,                0.81703,                0.55863,                 1.7207,              0.0080248,              0.0080248,              0.0080248
                     86,                0.73291,                0.72048,                 1.5208,                 0.9353,                 0.8316,                0.88045,                0.61977,                0.81782,                0.55921,                 1.7216,               0.008001,               0.008001,               0.008001
                     87,                0.71645,                0.70949,                 1.5103,                0.93505,                 0.8315,                0.88074,                 0.6206,                 0.8174,                0.55927,                 1.7206,              0.0079772,              0.0079772,              0.0079772
                     88,                 0.7134,                0.70874,                 1.5003,                0.93549,                0.82754,                0.88056,                0.62034,                 0.8181,                0.55917,                 1.7203,              0.0079534,              0.0079534,              0.0079534
                     89,                0.73516,                0.71675,                 1.5218,                0.93637,                0.82679,                0.88037,                0.62017,                0.81849,                0.55941,                 1.7206,              0.0079296,              0.0079296,              0.0079296
                     90,                0.72462,                0.71194,                 1.5069,                0.93612,                0.82617,                0.88091,                0.62009,                0.82069,                0.55875,                 1.7209,              0.0079058,              0.0079058,              0.0079058
                     91,                0.73263,                0.71716,                 1.5202,                0.93639,                0.82552,                0.88134,                0.61991,                0.81767,                0.55811,                 1.7209,               0.007882,               0.007882,               0.007882
                     92,                0.72086,                0.70725,                 1.5082,                0.93188,                0.83079,                0.88445,                0.62159,                0.82152,                0.55719,                 1.7206,              0.0078582,              0.0078582,              0.0078582
                     93,                0.72875,                0.72366,                 1.5184,                0.93305,                0.83334,                0.88468,                0.62139,                0.82241,                0.55672,                 1.7206,              0.0078344,              0.0078344,              0.0078344
                     94,                0.70838,                0.69696,                 1.5014,                0.93299,                0.83464,                0.89054,                0.62089,                 0.8218,                0.55638,                 1.7208,              0.0078106,              0.0078106,              0.0078106
                     95,                0.71997,                0.70702,                 1.5014,                0.93277,                0.83672,                0.90851,                0.62642,                0.82013,                0.55607,                 1.7206,              0.0077868,              0.0077868,              0.0077868
                     96,                0.72123,                0.71386,                 1.5067,                0.93129,                0.83464,                0.90787,                0.62712,                0.82374,                0.55566,                 1.7202,               0.007763,               0.007763,               0.007763
                     97,                0.71122,                0.69676,                 1.4991,                0.93122,                0.83465,                0.90814,                0.62733,                0.82086,                0.55395,                 1.7202,              0.0077392,              0.0077392,              0.0077392
                     98,                0.71564,                0.69924,                 1.5033,                0.93072,                0.83511,                0.90815,                 0.6268,                0.82287,                0.55346,                 1.7203,              0.0077154,              0.0077154,              0.0077154
                     99,                0.70847,                0.68949,                 1.5006,                0.93145,                0.83439,                0.90822,                0.62374,                0.81826,                0.55281,                 1.7199,              0.0076916,              0.0076916,              0.0076916
                    100,                0.71823,                0.69911,                 1.5072,                0.93055,                0.83369,                0.94338,                0.63114,                0.82291,                0.55206,                   1.72,              0.0076678,              0.0076678,              0.0076678
                    101,                0.70922,                0.70225,                 1.4983,                0.93211,                0.83281,                0.94297,                0.63119,                0.81976,                0.55109,                 1.7196,               0.007644,               0.007644,               0.007644
                    102,                0.71969,                0.69255,                 1.5009,                0.93246,                0.83191,                0.94318,                0.63157,                0.81898,                0.54983,                 1.7194,              0.0076202,              0.0076202,              0.0076202
                    103,                0.70877,                0.68789,                 1.4992,                  0.932,                0.83077,                0.94303,                 0.6321,                0.82313,                0.54861,                  1.719,              0.0075964,              0.0075964,              0.0075964
                    104,                 0.7069,                0.68412,                 1.4952,                0.93177,                0.83349,                0.94324,                0.63247,                0.82304,                0.54703,                 1.7186,              0.0075726,              0.0075726,              0.0075726
                    105,                0.70906,                0.68153,                 1.4896,                0.93153,                0.83505,                0.94331,                 0.6327,                0.82314,                0.54702,                 1.7187,              0.0075488,              0.0075488,              0.0075488
                    106,                0.69759,                  0.689,                 1.4876,                0.93152,                0.83629,                0.90807,                0.62654,                0.82134,                0.54639,                 1.7189,               0.007525,               0.007525,               0.007525
                    107,                 0.6856,                 0.6774,                  1.472,                0.93122,                0.83619,                0.94378,                0.63369,                0.82203,                0.54582,                 1.7186,              0.0075012,              0.0075012,              0.0075012
                    108,                0.69188,                0.68664,                  1.481,                 0.9316,                0.83655,                0.94422,                0.63374,                0.82206,                0.54577,                 1.7183,              0.0074774,              0.0074774,              0.0074774
                    109,                0.69444,                0.68039,                  1.482,                0.93109,                0.83671,                0.94419,                0.63525,                0.82582,                0.54532,                  1.718,              0.0074536,              0.0074536,              0.0074536
                    110,                0.69939,                0.67994,                 1.4861,                0.93146,                0.83691,                0.94419,                0.63527,                0.82261,                0.54502,                 1.7176,              0.0074298,              0.0074298,              0.0074298
                    111,                0.69501,                0.68208,                 1.4755,                0.92998,                0.83904,                0.94449,                0.63346,                0.82292,                0.54492,                 1.7172,               0.007406,               0.007406,               0.007406
                    112,                0.69544,                0.68396,                 1.4785,                0.93012,                 0.8397,                0.94482,                0.63702,                0.82087,                0.54444,                 1.7173,              0.0073822,              0.0073822,              0.0073822
                    113,                0.69992,                0.68164,                 1.4816,                0.93012,                0.83951,                0.94492,                0.63972,                0.82248,                0.54513,                 1.7177,              0.0073584,              0.0073584,              0.0073584
                    114,                0.68434,                0.67793,                 1.4792,                0.93036,                0.83978,                0.94485,                0.63957,                0.82289,                0.54477,                 1.7179,              0.0073346,              0.0073346,              0.0073346
                    115,                0.67772,                0.66268,                 1.4664,                0.93022,                0.84105,                0.94495,                0.63789,                0.82074,                0.54416,                 1.7182,              0.0073108,              0.0073108,              0.0073108
                    116,                0.69011,                0.66955,                 1.4748,                0.93211,                0.84025,                0.94531,                0.63845,                0.82555,                0.54512,                 1.7185,               0.007287,               0.007287,               0.007287
                    117,                0.69446,                0.67563,                 1.4853,                0.93211,                0.84098,                0.94547,                0.63831,                0.82504,                0.54463,                 1.7187,              0.0072632,              0.0072632,              0.0072632
                    118,                 0.6953,                 0.6676,                 1.4832,                0.93031,                0.84212,                0.94615,                0.63835,                0.82487,                0.54408,                 1.7186,              0.0072394,              0.0072394,              0.0072394
                    119,                0.69385,                0.68472,                 1.4821,                0.93074,                0.84139,                0.94581,                0.63795,                0.82491,                0.54292,                 1.7192,              0.0072156,              0.0072156,              0.0072156
                    120,                0.68559,                0.67244,                 1.4733,                0.92982,                 0.8411,                0.94554,                0.63441,                0.82409,                0.54294,                 1.7195,              0.0071918,              0.0071918,              0.0071918
                    121,                0.69612,                0.66986,                 1.4804,                0.93393,                0.83738,                0.94565,                0.63432,                0.82676,                0.54204,                   1.72,               0.007168,               0.007168,               0.007168
                    122,                0.67659,                0.66239,                 1.4654,                0.92979,                0.84105,                0.94562,                0.63442,                0.82342,                0.54137,                 1.7198,              0.0071442,              0.0071442,              0.0071442
                    123,                0.68658,                0.67941,                 1.4791,                 0.9333,                0.84079,                0.94619,                0.63413,                0.82471,                0.54065,                 1.7207,              0.0071204,              0.0071204,              0.0071204
                    124,                 0.6661,                0.65046,                 1.4612,                0.93197,                0.84108,                0.94635,                0.63445,                0.82204,                0.54052,                 1.7213,              0.0070966,              0.0070966,              0.0070966
                    125,                0.66716,                0.65421,                 1.4688,                0.93126,                0.84087,                 0.9457,                0.63355,                0.82504,                0.54142,                 1.7219,              0.0070728,              0.0070728,              0.0070728
                    126,                0.67238,                0.65849,                 1.4671,                0.93047,                0.84106,                0.94599,                0.63409,                0.82421,                0.54151,                 1.7223,               0.007049,               0.007049,               0.007049
                    127,                0.67559,                0.66381,                 1.4592,                0.93212,                 0.8401,                0.94594,                0.63829,                0.82357,                0.54022,                 1.7219,              0.0070252,              0.0070252,              0.0070252
                    128,                0.67778,                0.65569,                 1.4636,                0.93357,                0.84171,                0.94592,                0.63843,                0.82915,                0.54006,                 1.7226,              0.0070014,              0.0070014,              0.0070014
                    129,                0.66876,                0.64665,                 1.4643,                0.93135,                0.84175,                0.94587,                0.63895,                0.82452,                0.53963,                 1.7232,              0.0069776,              0.0069776,              0.0069776
                    130,                 0.6752,                0.64951,                 1.4638,                0.93151,                0.84198,                0.94613,                 0.6398,                0.83054,                0.53908,                  1.723,              0.0069538,              0.0069538,              0.0069538
                    131,                0.67033,                0.65122,                 1.4617,                0.93151,                0.84209,                0.94633,                0.64003,                0.82768,                0.53811,                 1.7229,                0.00693,                0.00693,                0.00693
                    132,                 0.6597,                0.64971,                 1.4428,                0.93546,                0.83959,                0.94616,                0.63929,                 0.8303,                0.53744,                 1.7237,              0.0069063,              0.0069063,              0.0069063
                    133,                0.65428,                 0.6525,                 1.4481,                0.93567,                0.83964,                0.94621,                0.63595,                0.83064,                0.53711,                 1.7243,              0.0068825,              0.0068825,              0.0068825
                    134,                0.65749,                0.64582,                 1.4539,                0.93406,                0.84172,                0.94613,                  0.636,                0.82913,                0.53566,                  1.725,              0.0068587,              0.0068587,              0.0068587
                    135,                0.65276,                 0.6382,                 1.4452,                0.93518,                0.84232,                0.94631,                0.63622,                  0.827,                0.53623,                 1.7257,              0.0068349,              0.0068349,              0.0068349
                    136,                0.65922,                 0.6421,                 1.4492,                0.94086,                0.83396,                0.94622,                0.63626,                0.82654,                0.53513,                 1.7262,              0.0068111,              0.0068111,              0.0068111
                    137,                0.65997,                0.64712,                  1.457,                0.93918,                0.83735,                0.94656,                0.63702,                0.82448,                0.53499,                 1.7266,              0.0067873,              0.0067873,              0.0067873
                    138,                0.65711,                0.64838,                 1.4459,                0.93905,                0.83758,                0.94684,                0.63788,                0.82883,                0.53468,                 1.7274,              0.0067635,              0.0067635,              0.0067635
                    139,                 0.6593,                0.65087,                 1.4556,                0.94085,                0.83567,                0.94698,                0.63856,                0.82813,                0.53473,                 1.7282,              0.0067397,              0.0067397,              0.0067397
                    140,                0.64701,                0.63887,                 1.4384,                0.94626,                0.82939,                0.89991,                0.62801,                0.83224,                0.53401,                 1.7284,              0.0067159,              0.0067159,              0.0067159
                    141,                0.66126,                0.65712,                  1.444,                0.94201,                0.83566,                0.89985,                0.62791,                0.83637,                0.53424,                 1.7284,              0.0066921,              0.0066921,              0.0066921
                    142,                0.65054,                0.64066,                 1.4367,                0.94264,                0.83312,                0.89985,                0.62774,                0.82946,                0.53376,                  1.729,              0.0066683,              0.0066683,              0.0066683
                    143,                0.65359,                0.63801,                 1.4372,                0.94298,                0.83263,                0.89432,                0.62679,                0.82998,                0.53356,                 1.7301,              0.0066445,              0.0066445,              0.0066445
                    144,                0.65565,                0.63826,                 1.4362,                0.94264,                0.83296,                0.87678,                0.62309,                0.83262,                0.53432,                 1.7301,              0.0066207,              0.0066207,              0.0066207
                    145,                0.64431,                0.63129,                 1.4286,                0.94286,                0.83734,                0.87627,                0.62263,                 0.8325,                0.53462,                 1.7307,              0.0065969,              0.0065969,              0.0065969
                    146,                0.63965,                0.62798,                 1.4249,                0.94567,                0.82967,                0.87589,                0.62317,                 0.8322,                0.53461,                 1.7312,              0.0065731,              0.0065731,              0.0065731
                    147,                0.65168,                0.63786,                 1.4414,                0.94663,                0.82968,                0.87592,                0.62286,                0.83472,                0.53464,                 1.7317,              0.0065493,              0.0065493,              0.0065493
                    148,                0.64224,                0.63233,                  1.439,                 0.9481,                0.82961,                0.87623,                0.62288,                0.83618,                0.53494,                 1.7327,              0.0065255,              0.0065255,              0.0065255
                    149,                0.65578,                0.63582,                 1.4475,                 0.9493,                0.83156,                 0.8765,                0.62294,                 0.8351,                0.53449,                 1.7334,              0.0065017,              0.0065017,              0.0065017
                    150,                0.63838,                0.63488,                 1.4228,                0.95002,                0.83234,                0.87666,                0.62037,                0.83783,                 0.5357,                 1.7337,              0.0064779,              0.0064779,              0.0064779
                    151,                0.64619,                0.63664,                 1.4321,                0.95044,                0.83246,                0.87668,                0.62037,                0.83771,                0.53549,                 1.7342,              0.0064541,              0.0064541,              0.0064541
                    152,                0.63811,                0.62394,                 1.4366,                 0.9492,                0.83098,                0.87583,                0.62106,                0.83632,                 0.5355,                 1.7353,              0.0064303,              0.0064303,              0.0064303
                    153,                0.63521,                0.62946,                 1.4208,                0.95058,                0.83128,                0.87697,                0.62067,                0.84024,                0.53493,                 1.7362,              0.0064065,              0.0064065,              0.0064065
                    154,                0.63808,                0.63372,                 1.4223,                0.94887,                 0.8308,                0.87573,                0.62058,                0.84188,                0.53451,                 1.7361,              0.0063827,              0.0063827,              0.0063827
                    155,                0.63546,                0.62288,                 1.4266,                0.94319,                0.83844,                0.87576,                0.62425,                 0.8409,                0.53416,                 1.7364,              0.0063589,              0.0063589,              0.0063589
                    156,                0.63296,                0.61907,                 1.4179,                0.94326,                 0.8378,                0.87565,                0.62317,                0.84538,                0.53337,                 1.7369,              0.0063351,              0.0063351,              0.0063351
                    157,                0.63476,                0.62381,                 1.4214,                0.94205,                0.83781,                0.87545,                0.62331,                0.84272,                0.53275,                 1.7373,              0.0063113,              0.0063113,              0.0063113
                    158,                0.62176,                0.61774,                 1.4107,                0.94085,                0.83901,                0.87543,                0.62402,                0.84344,                0.53261,                 1.7378,              0.0062875,              0.0062875,              0.0062875
                    159,                0.63619,                0.63172,                  1.421,                  0.939,                0.84029,                 0.8754,                0.62686,                0.84021,                0.53238,                 1.7387,              0.0062637,              0.0062637,              0.0062637
                    160,                0.63578,                0.62235,                 1.4177,                0.93547,                0.84241,                0.87552,                0.62672,                0.84458,                0.53133,                 1.7393,              0.0062399,              0.0062399,              0.0062399
                    161,                0.62035,                 0.6174,                 1.4076,                0.93388,                0.84411,                 0.8754,                0.62673,                0.84307,                0.53162,                 1.7401,              0.0062161,              0.0062161,              0.0062161
                    162,                0.63236,                0.62447,                 1.4217,                0.93343,                0.84473,                0.87577,                0.62705,                0.84598,                0.53041,                 1.7407,              0.0061923,              0.0061923,              0.0061923
                    163,                0.63491,                0.62729,                 1.4215,                0.93365,                0.84637,                0.87593,                0.62752,                0.84414,                0.53051,                 1.7414,              0.0061685,              0.0061685,              0.0061685
                    164,                0.61987,                0.62292,                 1.4083,                0.93236,                0.84656,                 0.8762,                0.62777,                0.84643,                0.53027,                 1.7421,              0.0061447,              0.0061447,              0.0061447
                    165,                0.61629,                0.61071,                 1.4063,                0.93288,                0.84668,                0.87626,                0.62676,                0.84812,                0.53041,                 1.7429,              0.0061209,              0.0061209,              0.0061209
                    166,                0.62384,                0.61834,                 1.4056,                0.93201,                0.84778,                0.87632,                0.62653,                0.84562,                0.52977,                 1.7437,              0.0060971,              0.0060971,              0.0060971
                    167,                0.62146,                0.61039,                 1.4063,                0.93455,                0.84635,                0.87627,                0.62609,                0.84801,                0.52997,                 1.7445,              0.0060733,              0.0060733,              0.0060733
                    168,                0.61619,                 0.6081,                 1.4085,                 0.9281,                0.84765,                0.87587,                0.62575,                0.85008,                0.53058,                 1.7454,              0.0060495,              0.0060495,              0.0060495
                    169,                0.62241,                 0.6167,                  1.409,                0.93075,                0.84728,                0.87593,                0.62604,                0.84985,                0.53028,                 1.7458,              0.0060257,              0.0060257,              0.0060257
                    170,                0.61382,                0.60282,                 1.4046,                0.93317,                0.84651,                0.87605,                0.62287,                0.84874,                0.53037,                 1.7464,              0.0060019,              0.0060019,              0.0060019
                    171,                 0.6257,                0.61405,                 1.4123,                0.93499,                0.84646,                0.87631,                0.62297,                0.85075,                 0.5297,                 1.7467,              0.0059781,              0.0059781,              0.0059781
                    172,                0.61621,                0.60476,                 1.4005,                0.93487,                0.84586,                0.87642,                0.62196,                0.85077,                0.52936,                 1.7475,              0.0059543,              0.0059543,              0.0059543
                    173,                0.62615,                0.61827,                 1.4032,                0.93412,                0.84685,                0.87641,                0.62229,                0.85284,                0.52944,                  1.748,              0.0059305,              0.0059305,              0.0059305
                    174,                0.62096,                 0.5984,                 1.4063,                0.93335,                0.84629,                0.87654,                0.62261,                0.85216,                0.52921,                 1.7487,              0.0059067,              0.0059067,              0.0059067
                    175,                0.61606,                0.60487,                 1.4004,                0.93334,                0.84623,                0.87642,                0.62189,                0.85094,                0.53016,                 1.7483,              0.0058829,              0.0058829,              0.0058829
                    176,                0.60761,                0.60272,                 1.4005,                0.93342,                0.84639,                0.87603,                0.62185,                0.85486,                0.53072,                 1.7493,              0.0058591,              0.0058591,              0.0058591
                    177,                0.61244,                0.59977,                 1.4001,                0.93322,                0.84635,                0.87587,                0.62207,                 0.8511,                0.53003,                 1.7498,              0.0058353,              0.0058353,              0.0058353
                    178,                0.61462,                0.59943,                  1.401,                0.93276,                0.84786,                0.87598,                0.62275,                0.85155,                0.53067,                 1.7506,              0.0058115,              0.0058115,              0.0058115
                    179,                0.60246,                0.59971,                 1.3889,                0.93341,                 0.8468,                0.87588,                0.62302,                0.85404,                0.53007,                 1.7514,              0.0057877,              0.0057877,              0.0057877
                    180,                0.60798,                0.60762,                 1.3919,                0.93264,                 0.8454,                0.87596,                 0.6222,                 0.8543,                0.53025,                 1.7524,              0.0057639,              0.0057639,              0.0057639
                    181,                0.60773,                0.60587,                  1.396,                0.93186,                0.84529,                0.87607,                0.62207,                0.85541,                   0.53,                 1.7534,              0.0057401,              0.0057401,              0.0057401
                    182,                0.60768,                0.60656,                  1.388,                 0.9302,                0.84511,                0.87488,                0.62292,                0.85323,                0.52987,                 1.7541,              0.0057163,              0.0057163,              0.0057163
                    183,                0.60816,                0.60041,                 1.3936,                0.92948,                0.84435,                0.87493,                0.62341,                0.85368,                0.52826,                 1.7541,              0.0056925,              0.0056925,              0.0056925
                    184,                0.60108,                0.58582,                 1.3844,                0.92947,                0.84558,                0.87529,                 0.6232,                 0.8562,                 0.5278,                 1.7545,              0.0056688,              0.0056688,              0.0056688
                    185,                0.58966,                0.58319,                   1.37,                0.92919,                  0.843,                0.87523,                 0.6232,                0.85913,                0.52777,                 1.7548,               0.005645,               0.005645,               0.005645
                    186,                0.60279,                0.59851,                 1.3815,                0.92865,                0.83901,                0.87518,                0.62315,                0.85647,                0.52865,                  1.756,              0.0056212,              0.0056212,              0.0056212
                    187,                  0.592,                0.58957,                 1.3821,                0.92845,                0.83876,                0.87535,                0.62415,                0.85309,                0.52835,                 1.7571,              0.0055974,              0.0055974,              0.0055974
                    188,                 0.6115,                0.60542,                 1.3837,                0.92826,                0.83866,                0.87542,                0.62343,                0.85856,                0.52853,                 1.7587,              0.0055736,              0.0055736,              0.0055736
                    189,                0.58535,                 0.5899,                 1.3753,                0.92893,                  0.838,                0.87545,                0.62322,                0.85582,                0.52839,                 1.7592,              0.0055498,              0.0055498,              0.0055498
                    190,                0.59508,                0.59387,                 1.3792,                  0.931,                0.83583,                0.87543,                  0.624,                0.85976,                0.52843,                 1.7598,               0.005526,               0.005526,               0.005526
                    191,                0.59427,                0.59541,                 1.3748,                0.93469,                0.83701,                0.87694,                0.62375,                0.85609,                0.52763,                 1.7599,              0.0055022,              0.0055022,              0.0055022
                    192,                0.59267,                0.59078,                 1.3724,                0.93536,                0.83616,                  0.877,                  0.624,                0.85789,                0.52727,                 1.7601,              0.0054784,              0.0054784,              0.0054784
                    193,                0.59513,                0.59295,                 1.3755,                0.93459,                0.83608,                0.87691,                0.62416,                0.86004,                0.52779,                 1.7613,              0.0054546,              0.0054546,              0.0054546
                    194,                0.59213,                 0.5886,                 1.3726,                0.93509,                0.83627,                0.87704,                0.62426,                0.86336,                0.52855,                 1.7621,              0.0054308,              0.0054308,              0.0054308
                    195,                0.58979,                0.59259,                 1.3739,                0.93454,                0.83569,                0.87717,                0.62439,                0.85879,                0.52919,                 1.7627,               0.005407,               0.005407,               0.005407
                    196,                 0.5973,                0.58511,                 1.3774,                 0.9335,                0.83511,                0.87719,                0.62431,                0.86331,                0.52868,                 1.7634,              0.0053832,              0.0053832,              0.0053832
                    197,                0.59759,                0.58549,                 1.3864,                0.93056,                 0.8353,                 0.8773,                0.62726,                0.86576,                0.52906,                 1.7643,              0.0053594,              0.0053594,              0.0053594
                    198,                0.59057,                0.58854,                 1.3761,                0.92972,                0.83587,                 0.8772,                 0.6258,                0.86228,                0.52828,                 1.7653,              0.0053356,              0.0053356,              0.0053356
                    199,                0.58367,                0.58315,                 1.3648,                0.92947,                0.83661,                0.87732,                0.62543,                0.86344,                0.52838,                 1.7665,              0.0053118,              0.0053118,              0.0053118
                    200,                 0.5832,                0.58334,                 1.3666,                0.92572,                0.83691,                0.87705,                0.62473,                0.86678,                0.52677,                  1.768,               0.005288,               0.005288,               0.005288
                    201,                0.58398,                0.58226,                 1.3685,                0.92566,                0.83747,                0.87696,                0.62444,                0.86789,                0.52686,                 1.7694,              0.0052642,              0.0052642,              0.0052642
                    202,                0.58096,                0.57515,                 1.3662,                0.92737,                0.83522,                0.87699,                 0.6248,                0.86921,                 0.5261,                 1.7712,              0.0052404,              0.0052404,              0.0052404
                    203,                0.58561,                0.58192,                 1.3579,                0.92552,                0.83691,                0.87718,                0.62438,                0.86712,                0.52687,                 1.7712,              0.0052166,              0.0052166,              0.0052166
                    204,                0.57602,                0.57845,                 1.3576,                0.92587,                0.83606,                 0.8774,                0.62394,                0.86729,                 0.5257,                 1.7715,              0.0051928,              0.0051928,              0.0051928
                    205,                0.58291,                0.58356,                 1.3649,                0.92465,                0.83368,                0.87764,                0.62561,                0.86872,                0.52567,                 1.7717,               0.005169,               0.005169,               0.005169
                    206,                0.57026,                0.57174,                 1.3548,                0.92964,                0.82891,                0.87764,                0.62522,                0.86624,                0.52603,                 1.7722,              0.0051452,              0.0051452,              0.0051452
                    207,                0.58516,                0.58771,                 1.3612,                0.93015,                0.82955,                 0.8776,                0.62465,                0.86542,                0.52619,                 1.7728,              0.0051214,              0.0051214,              0.0051214
                    208,                 0.5682,                0.57786,                 1.3493,                0.93085,                 0.8291,                 0.8777,                0.62543,                0.86828,                 0.5259,                 1.7738,              0.0050976,              0.0050976,              0.0050976
                    209,                0.57768,                0.58137,                 1.3598,                0.93451,                0.82007,                0.87714,                0.62575,                0.86865,                0.52645,                 1.7747,              0.0050738,              0.0050738,              0.0050738
                    210,                0.57062,                0.58043,                 1.3538,                0.93514,                0.81942,                 0.8771,                0.62534,                0.86837,                  0.526,                 1.7751,                0.00505,                0.00505,                0.00505
                    211,                0.57042,                 0.5734,                  1.356,                0.86415,                0.81854,                0.87637,                 0.6255,                0.86711,                0.52569,                 1.7757,              0.0050262,              0.0050262,              0.0050262
                    212,                 0.5641,                0.57106,                 1.3496,                0.86142,                0.81708,                0.87577,                 0.6249,                0.87073,                 0.5268,                 1.7766,              0.0050024,              0.0050024,              0.0050024
                    213,                0.56615,                0.56791,                 1.3457,                0.83639,                0.84726,                  0.876,                0.62514,                0.87051,                0.52647,                 1.7773,              0.0049786,              0.0049786,              0.0049786
                    214,                0.55872,                0.55535,                 1.3452,                0.83911,                0.84888,                0.87599,                0.62491,                0.87383,                0.52605,                 1.7783,              0.0049548,              0.0049548,              0.0049548
                    215,                0.57384,                 0.5774,                 1.3527,                0.90865,                 0.8486,                0.87588,                0.62452,                0.87155,                0.52613,                 1.7787,               0.004931,               0.004931,               0.004931
                    216,                0.56113,                0.56638,                 1.3426,                0.90859,                0.84869,                0.87604,                0.62513,                0.87384,                0.52665,                 1.7803,              0.0049072,              0.0049072,              0.0049072
                    217,                0.55729,                0.56065,                 1.3346,                0.90838,                 0.8496,                0.87604,                0.62165,                0.87254,                0.52541,                 1.7806,              0.0048834,              0.0048834,              0.0048834
                    218,                 0.5656,                0.56525,                 1.3381,                0.90795,                0.85016,                  0.876,                0.62197,                0.87328,                0.52599,                 1.7804,              0.0048596,              0.0048596,              0.0048596
                    219,                0.56034,                 0.5694,                 1.3319,                0.90756,                0.85026,                0.87603,                0.62053,                0.87287,                0.52624,                 1.7804,              0.0048358,              0.0048358,              0.0048358
                    220,                0.55686,                0.55909,                 1.3433,                0.90949,                0.84998,                0.87561,                0.62086,                0.87524,                  0.526,                 1.7808,               0.004812,               0.004812,               0.004812
                    221,                0.55664,                0.56244,                  1.334,                0.84972,                0.85064,                0.87697,                0.61214,                0.87454,                  0.526,                 1.7814,              0.0047882,              0.0047882,              0.0047882
                    222,                0.55624,                 0.5536,                 1.3423,                 0.8487,                0.84964,                0.87728,                0.62105,                 0.8758,                0.52588,                 1.7816,              0.0047644,              0.0047644,              0.0047644
                    223,                0.55059,                0.55348,                 1.3256,                0.85159,                0.85058,                0.87779,                0.62047,                0.87158,                0.52535,                 1.7812,              0.0047406,              0.0047406,              0.0047406
                    224,                0.54994,                0.55616,                 1.3334,                0.85014,                0.85077,                0.87778,                0.61952,                 0.8754,                0.52468,                 1.7811,              0.0047168,              0.0047168,              0.0047168
                    225,                0.55769,                0.55517,                 1.3307,                0.84979,                0.84998,                0.87766,                0.61115,                0.87769,                 0.5247,                 1.7811,               0.004693,               0.004693,               0.004693
                    226,                0.54799,                0.55597,                 1.3313,                 0.8505,                0.85022,                0.87798,                 0.6194,                0.87557,                0.52496,                 1.7816,              0.0046692,              0.0046692,              0.0046692
                    227,                0.54775,                0.56006,                 1.3202,                0.85187,                0.85053,                0.87828,                0.61147,                0.87821,                0.52461,                 1.7818,              0.0046454,              0.0046454,              0.0046454
                    228,                0.55997,                0.55765,                 1.3336,                0.85134,                0.84678,                0.87796,                0.61144,                0.87593,                0.52439,                 1.7815,              0.0046216,              0.0046216,              0.0046216
                    229,                0.54335,                0.55851,                 1.3211,                0.84641,                 0.8486,                0.87809,                0.62059,                0.87711,                0.52487,                 1.7824,              0.0045978,              0.0045978,              0.0045978
                    230,                0.54362,                0.55097,                   1.33,                0.84583,                0.84981,                0.87802,                0.61167,                0.87838,                0.52495,                 1.7832,               0.004574,               0.004574,               0.004574
                    231,                0.54217,                0.54441,                 1.3274,                0.84471,                0.84869,                0.87676,                0.61191,                0.87849,                0.52501,                 1.7836,              0.0045502,              0.0045502,              0.0045502
